cell_id,annotation,prediction_score,dataset_id,globus_id
CCTAAGACAGAACTCT,plasmablast,0.602587822401498,HBM472.NTNN.543,3683b49e27133c064ccbd59ff9723e7c
GTTCATTCACTCATAG,plasmablast,0.7092986019127,HBM472.NTNN.543,3683b49e27133c064ccbd59ff9723e7c
GAGGGATCAATTCACG,B cell,0.79085230328995,HBM472.NTNN.543,3683b49e27133c064ccbd59ff9723e7c
AACAGGGCATGACTTG,hematopoietic stem cell,0.730920733220082,HBM472.NTNN.543,3683b49e27133c064ccbd59ff9723e7c
CCTCCAAGTGCCCGTA,plasmablast,0.711457568460064,HBM472.NTNN.543,3683b49e27133c064ccbd59ff9723e7c
CCATCACGTACCTATG,B cell,1,HBM472.NTNN.543,3683b49e27133c064ccbd59ff9723e7c
GCGATCGGTGATTGGG,hematopoietic stem cell,0.943308401723698,HBM472.NTNN.543,3683b49e27133c064ccbd59ff9723e7c
AGTACCAGTAGTAAGT,plasmablast,0.751685257508346,HBM472.NTNN.543,3683b49e27133c064ccbd59ff9723e7c
TCTACATCACAGAGAC,plasmablast,0.700644881185326,HBM472.NTNN.543,3683b49e27133c064ccbd59ff9723e7c
CCACTTGGTACTCCGG,plasma cell,1,HBM472.NTNN.543,3683b49e27133c064ccbd59ff9723e7c
ACTTTGTTCTTTGCAT,hematopoietic stem cell,0.939858407541739,HBM472.NTNN.543,3683b49e27133c064ccbd59ff9723e7c
CATGCTCTCGAGAAGC,plasma cell,1,HBM472.NTNN.543,3683b49e27133c064ccbd59ff9723e7c
TCTACATTCCCAAGCG,plasma cell,1,HBM472.NTNN.543,3683b49e27133c064ccbd59ff9723e7c
TGGAGGACACGCGTGT,hematopoietic stem cell,0.330550439372868,HBM472.NTNN.543,3683b49e27133c064ccbd59ff9723e7c
TTGCATTCAATGTTGC,B cell,1,HBM472.NTNN.543,3683b49e27133c064ccbd59ff9723e7c
AGCCAGCTCCACCTCA,plasmablast,0.442736561918499,HBM472.NTNN.543,3683b49e27133c064ccbd59ff9723e7c
AAGCAGTGGTATCAAC,B cell,0.589099533194315,HBM472.NTNN.543,3683b49e27133c064ccbd59ff9723e7c
CTCAGTCTCGATTTCT,hematopoietic stem cell,0.536018395648272,HBM472.NTNN.543,3683b49e27133c064ccbd59ff9723e7c
ACGCACGGTGTTTACG,CD141-positive myeloid dendritic cell,0.841034599582662,HBM472.NTNN.543,3683b49e27133c064ccbd59ff9723e7c
CATCGGGAGTCCCAGC,plasma cell,1,HBM472.NTNN.543,3683b49e27133c064ccbd59ff9723e7c
AAAGAACAGCTACAAA,CD14-positive monocyte,0.503802173799851,HBM472.NTNN.543,3683b49e27133c064ccbd59ff9723e7c
TTCTTGATCTAACACG,B cell,1,HBM472.NTNN.543,3683b49e27133c064ccbd59ff9723e7c
AGGGAGTCAGCCCACA,B cell,0.501192121675334,HBM472.NTNN.543,3683b49e27133c064ccbd59ff9723e7c
ATGGTTGTCACTGGGC,plasma cell,1,HBM472.NTNN.543,3683b49e27133c064ccbd59ff9723e7c
AACTTCTGTCTACGAT,plasma cell,0.997361990442739,HBM472.NTNN.543,3683b49e27133c064ccbd59ff9723e7c
CAACGATTCGGTCTAA,CD14-positive monocyte,0.957812849164536,HBM556.QMSM.776,8a238da50c0c0436510b857c21e4e792
GTGAGCCAGCTCGTGC,plasma cell,0.954685116834304,HBM556.QMSM.776,8a238da50c0c0436510b857c21e4e792
TCAGCCTTCGAGCACC,hematopoietic stem cell,0.899916815166783,HBM556.QMSM.776,8a238da50c0c0436510b857c21e4e792
AAGTACCTCAAGCGTT,hematopoietic stem cell,0.625182652990198,HBM556.QMSM.776,8a238da50c0c0436510b857c21e4e792
AGACAAACACTAACCA,B cell,1,HBM556.QMSM.776,8a238da50c0c0436510b857c21e4e792
ATCCCTGCATCGTGGC,plasma cell,0.9423901098921,HBM556.QMSM.776,8a238da50c0c0436510b857c21e4e792
CCTACGTAGCATCTTG,plasma cell,0.984341046923867,HBM556.QMSM.776,8a238da50c0c0436510b857c21e4e792
TCCCAGTCATCGGCCA,plasma cell,0.977093926768105,HBM556.QMSM.776,8a238da50c0c0436510b857c21e4e792
AGCTCAAAGCTATCTG,plasma cell,0.825415846580307,HBM556.QMSM.776,8a238da50c0c0436510b857c21e4e792
TGGGAGATCCTTCGAC,hematopoietic stem cell,0.965760248651677,HBM556.QMSM.776,8a238da50c0c0436510b857c21e4e792
CTTGATTCAGCGTAGA,plasma cell,0.981796447376471,HBM556.QMSM.776,8a238da50c0c0436510b857c21e4e792
CGGACACGTCCACACG,plasma cell,0.989510343787254,HBM556.QMSM.776,8a238da50c0c0436510b857c21e4e792
TGCAGATGTCGCTGCA,plasma cell,0.846214820976796,HBM556.QMSM.776,8a238da50c0c0436510b857c21e4e792
TCCAGAATCCGTCCTA,hematopoietic stem cell,0.975428242301889,HBM556.QMSM.776,8a238da50c0c0436510b857c21e4e792
CTAAGTGGTTTACGTG,plasma cell,0.934214275198265,HBM556.QMSM.776,8a238da50c0c0436510b857c21e4e792
TGCACGGCATGGCACC,plasma cell,0.935882377413472,HBM556.QMSM.776,8a238da50c0c0436510b857c21e4e792
GAGGCCTGTGCACATT,splenic endothelial cell,0.999993267038973,HBM556.QMSM.776,8a238da50c0c0436510b857c21e4e792
TATCTTGTCATGTCAG,plasma cell,0.792478920882938,HBM556.QMSM.776,8a238da50c0c0436510b857c21e4e792
ATTCTACGTACAACGG,plasma cell,0.986441614696885,HBM556.QMSM.776,8a238da50c0c0436510b857c21e4e792
ATGACCATCGACCAAT,plasma cell,0.978761061151326,HBM556.QMSM.776,8a238da50c0c0436510b857c21e4e792
GAGTCATGTCCAGCGT,plasma cell,1,HBM556.QMSM.776,8a238da50c0c0436510b857c21e4e792
TAAGTCGGTCCTGGTG,plasma cell,0.964158080944666,HBM556.QMSM.776,8a238da50c0c0436510b857c21e4e792
CGAGGCTGTTCTTAGG,plasma cell,1,HBM556.QMSM.776,8a238da50c0c0436510b857c21e4e792
TCTCACGGTGATTCTG,plasma cell,0.528945144205175,HBM556.QMSM.776,8a238da50c0c0436510b857c21e4e792
CACTGTCGTATACCCA,plasma cell,0.964143238132845,HBM556.QMSM.776,8a238da50c0c0436510b857c21e4e792
TCATGGAAGGATATAC,plasma cell,0.798400106689949,HBM396.RPRR.624,ed8a4dbbb1554a5e3227d6dfb2368828
GCAGCCAAGTACCATC,plasma cell,1,HBM396.RPRR.624,ed8a4dbbb1554a5e3227d6dfb2368828
TGTGATGTCTCGTGGG,plasma cell,0.860023672929348,HBM396.RPRR.624,ed8a4dbbb1554a5e3227d6dfb2368828
TTAGTCTAGCTATCTG,plasma cell,1,HBM396.RPRR.624,ed8a4dbbb1554a5e3227d6dfb2368828
ACTTTGTCATTGCCGG,plasma cell,1,HBM396.RPRR.624,ed8a4dbbb1554a5e3227d6dfb2368828
CTGCCTAGTAACATAG,plasma cell,1,HBM396.RPRR.624,ed8a4dbbb1554a5e3227d6dfb2368828
ACGGTTAAGATCGACG,plasma cell,0.76411652196793,HBM396.RPRR.624,ed8a4dbbb1554a5e3227d6dfb2368828
GTACAGTCAACCGTGC,plasma cell,0.848119277986123,HBM396.RPRR.624,ed8a4dbbb1554a5e3227d6dfb2368828
GCTACAAAGCAGCCTC,plasma cell,0.977990171755571,HBM396.RPRR.624,ed8a4dbbb1554a5e3227d6dfb2368828
ACTACGACAAAGACGC,plasma cell,0.929127056209661,HBM396.RPRR.624,ed8a4dbbb1554a5e3227d6dfb2368828
CATTGAGAGCTGTTCA,plasma cell,1,HBM396.RPRR.624,ed8a4dbbb1554a5e3227d6dfb2368828
AGCCAATTCGTGTCAA,plasma cell,0.79949265941318,HBM396.RPRR.624,ed8a4dbbb1554a5e3227d6dfb2368828
TACTTACTCACCCATC,plasma cell,1,HBM396.RPRR.624,ed8a4dbbb1554a5e3227d6dfb2368828
CGTGATATCATACGAC,plasma cell,1,HBM396.RPRR.624,ed8a4dbbb1554a5e3227d6dfb2368828
ACATCCCGTAAGATTG,plasma cell,0.981926490447814,HBM396.RPRR.624,ed8a4dbbb1554a5e3227d6dfb2368828
AGCCAGCGTGAGAACC,B cell,0.651779230168457,HBM396.RPRR.624,ed8a4dbbb1554a5e3227d6dfb2368828
AGCATCAGTCTGTCCT,plasma cell,0.799398737855641,HBM396.RPRR.624,ed8a4dbbb1554a5e3227d6dfb2368828
GCTACAAAGACATAAC,plasma cell,0.880534381453295,HBM396.RPRR.624,ed8a4dbbb1554a5e3227d6dfb2368828
TCATTTGCAATTTCCT,plasma cell,0.939278710131645,HBM396.RPRR.624,ed8a4dbbb1554a5e3227d6dfb2368828
CGTGAATTCCGTTGGG,plasma cell,0.951315783687869,HBM396.RPRR.624,ed8a4dbbb1554a5e3227d6dfb2368828
GCGAGAACAGGTGACA,plasma cell,1,HBM396.RPRR.624,ed8a4dbbb1554a5e3227d6dfb2368828
TCAATTCTCAGGGTAG,plasma cell,1,HBM396.RPRR.624,ed8a4dbbb1554a5e3227d6dfb2368828
GATTTCTAGCCGCACT,plasma cell,0.775472636714497,HBM396.RPRR.624,ed8a4dbbb1554a5e3227d6dfb2368828
AACAAAGTCGTTAGAC,plasma cell,0.946091190831531,HBM396.RPRR.624,ed8a4dbbb1554a5e3227d6dfb2368828
CCAATTTCAATTCTTC,plasma cell,0.713775520536967,HBM396.RPRR.624,ed8a4dbbb1554a5e3227d6dfb2368828
AATTCCTAGCATACTC,CD14-positive monocyte,1,HBM984.GRBB.858,7fd04d1aba61c35843dd2eb6a19d2545
TCAGGGCCATGGGATG,hematopoietic stem cell,0.642579626565972,HBM984.GRBB.858,7fd04d1aba61c35843dd2eb6a19d2545
ACTTATCGTCCAATCA,hematopoietic stem cell,0.250163257538127,HBM984.GRBB.858,7fd04d1aba61c35843dd2eb6a19d2545
AAGCCATCATCCGAAT,B cell,1,HBM984.GRBB.858,7fd04d1aba61c35843dd2eb6a19d2545
TGCCGAGTCAGACTGT,B cell,0.991603470719671,HBM984.GRBB.858,7fd04d1aba61c35843dd2eb6a19d2545
AGACCATAGTTCGCAT,CD1c-positive myeloid dendritic cell,0.665629115079455,HBM984.GRBB.858,7fd04d1aba61c35843dd2eb6a19d2545
AGGGTCCCACATACGT,B cell,1,HBM984.GRBB.858,7fd04d1aba61c35843dd2eb6a19d2545
ATTCCCGAGTCACTCA,CD14-positive monocyte,1,HBM984.GRBB.858,7fd04d1aba61c35843dd2eb6a19d2545
CGCATAAAGCGAGTAC,CD14-positive monocyte,0.977075044540365,HBM984.GRBB.858,7fd04d1aba61c35843dd2eb6a19d2545
CACGTTCCAGAACCGA,B cell,1,HBM984.GRBB.858,7fd04d1aba61c35843dd2eb6a19d2545
ACAGAAACAGATCCAT,alpha-beta T cell,0.862467299185248,HBM984.GRBB.858,7fd04d1aba61c35843dd2eb6a19d2545
CCGAACGGTCTGTCCT,B cell,0.928604540205567,HBM984.GRBB.858,7fd04d1aba61c35843dd2eb6a19d2545
CACCGTTCAACAAAGT,CD14-positive monocyte,1,HBM984.GRBB.858,7fd04d1aba61c35843dd2eb6a19d2545
ATCAGGTTCAAGCCGC,B cell,1,HBM984.GRBB.858,7fd04d1aba61c35843dd2eb6a19d2545
TCAAGTGCATCGAACT,B cell,1,HBM984.GRBB.858,7fd04d1aba61c35843dd2eb6a19d2545
GCATTAGCAAGCTACT,hematopoietic stem cell,0.798423447891237,HBM984.GRBB.858,7fd04d1aba61c35843dd2eb6a19d2545
AGCGCCATCCGGCAAC,B cell,0.673623987941405,HBM984.GRBB.858,7fd04d1aba61c35843dd2eb6a19d2545
TCACAAGGTGTTCGAT,B cell,0.99450084176935,HBM984.GRBB.858,7fd04d1aba61c35843dd2eb6a19d2545
GGTCACGGTGGGATTG,B cell,1,HBM984.GRBB.858,7fd04d1aba61c35843dd2eb6a19d2545
ATTACCTCAACACGTT,plasmablast,0.571830616952308,HBM984.GRBB.858,7fd04d1aba61c35843dd2eb6a19d2545
TAGACTGTCCTCACGT,B cell,1,HBM984.GRBB.858,7fd04d1aba61c35843dd2eb6a19d2545
TCATTACAGGCGATAC,CD14-positive monocyte,0.900647013580642,HBM984.GRBB.858,7fd04d1aba61c35843dd2eb6a19d2545
GCCCGAACAAAGCAAT,B cell,1,HBM984.GRBB.858,7fd04d1aba61c35843dd2eb6a19d2545
ACCAAACGTGTGTGTT,B cell,0.525461057940657,HBM984.GRBB.858,7fd04d1aba61c35843dd2eb6a19d2545
ATTCAGGGTCAGACTT,plasmablast,0.671761691006812,HBM984.GRBB.858,7fd04d1aba61c35843dd2eb6a19d2545
TTTGACTCAGAGGACT,plasmablast,1,HBM336.FWTN.636,2dca1bf5832a4102ba780e9e54f6c350
AGACACTGTCTCAGAT,plasma cell,1,HBM336.FWTN.636,2dca1bf5832a4102ba780e9e54f6c350
TCATGCCAGTTGAATG,plasma cell,1,HBM336.FWTN.636,2dca1bf5832a4102ba780e9e54f6c350
CATCAAGCAGATCCTA,plasma cell,1,HBM336.FWTN.636,2dca1bf5832a4102ba780e9e54f6c350
TCATCCGTCGTCTAAG,plasma cell,1,HBM336.FWTN.636,2dca1bf5832a4102ba780e9e54f6c350
GTCATTTCAGATCCTA,plasma cell,1,HBM336.FWTN.636,2dca1bf5832a4102ba780e9e54f6c350
TCATTACTCGATCCAA,plasmablast,1,HBM336.FWTN.636,2dca1bf5832a4102ba780e9e54f6c350
TAACACGTCATCGCCT,plasma cell,1,HBM336.FWTN.636,2dca1bf5832a4102ba780e9e54f6c350
TACCCGTCACGGTGCT,plasma cell,1,HBM336.FWTN.636,2dca1bf5832a4102ba780e9e54f6c350
TGATTTCCAAGCGAAC,plasmablast,1,HBM336.FWTN.636,2dca1bf5832a4102ba780e9e54f6c350
GCAGCTGCATACTTTC,plasmablast,1,HBM336.FWTN.636,2dca1bf5832a4102ba780e9e54f6c350
GGGCGTTCAAATGAAC,plasma cell,1,HBM336.FWTN.636,2dca1bf5832a4102ba780e9e54f6c350
GTTAGTGGTCCCTGTT,plasmablast,1,HBM336.FWTN.636,2dca1bf5832a4102ba780e9e54f6c350
TCTGCCATCACGGGCT,plasma cell,1,HBM336.FWTN.636,2dca1bf5832a4102ba780e9e54f6c350
GTTTGGAAGTTACGAA,plasma cell,1,HBM336.FWTN.636,2dca1bf5832a4102ba780e9e54f6c350
CGCATGGCACTTGACA,plasmablast,1,HBM336.FWTN.636,2dca1bf5832a4102ba780e9e54f6c350
CAACCAAGTTTAGAGA,plasma cell,1,HBM336.FWTN.636,2dca1bf5832a4102ba780e9e54f6c350
ACCAACATCGTAGCCG,plasma cell,1,HBM336.FWTN.636,2dca1bf5832a4102ba780e9e54f6c350
AGATGCTGTGTGGACA,plasma cell,1,HBM336.FWTN.636,2dca1bf5832a4102ba780e9e54f6c350
AGACACTCACTTCCTG,plasma cell,1,HBM336.FWTN.636,2dca1bf5832a4102ba780e9e54f6c350
TCATCCGCACGAAAGC,plasma cell,1,HBM336.FWTN.636,2dca1bf5832a4102ba780e9e54f6c350
GCATCGGGTCTGTGGC,plasma cell,1,HBM336.FWTN.636,2dca1bf5832a4102ba780e9e54f6c350
TCTTAGTCAACGATTC,plasma cell,1,HBM336.FWTN.636,2dca1bf5832a4102ba780e9e54f6c350
TTGGTTTGTACGAGCA,plasma cell,1,HBM336.FWTN.636,2dca1bf5832a4102ba780e9e54f6c350
TCATTGTCACACTGGC,plasma cell,1,HBM336.FWTN.636,2dca1bf5832a4102ba780e9e54f6c350