cell_id,annotation,prediction_score,dataset_id
CCTAAGACAGAACTCT,plasmablast,0.602587822,HBM472.NTNN.543
GTTCATTCACTCATAG,plasmablast,0.709298602,HBM472.NTNN.543
GAGGGATCAATTCACG,B cell,0.790852303,HBM472.NTNN.543
AACAGGGCATGACTTG,hematopoietic stem cell,0.730920733,HBM556.QMSM.776
CCTCCAAGTGCCCGTA,plasmablast,0.711457568,HBM556.QMSM.776
CCATCACGTACCTATG,B cell,1,HBM396.RPRR.624
GCGATCGGTGATTGGG,hematopoietic stem cell,0.943308402,HBM396.RPRR.624
AGTACCAGTAGTAAGT,plasmablast,0.751685258,HBM396.RPRR.624
TCTACATCACAGAGAC,plasmablast,0.700644881,HBM396.RPRR.624
CCACTTGGTACTCCGG,plasma cell,1,HBM396.RPRR.624
ACTTTGTTCTTTGCAT,hematopoietic stem cell,0.939858408,HBM984.GRBB.858
CATGCTCTCGAGAAGC,plasma cell,1,HBM984.GRBB.858
TCTACATTCCCAAGCG,plasma cell,1,HBM984.GRBB.858
TGGAGGACACGCGTGT,hematopoietic stem cell,0.330550439,HBM984.GRBB.858
TTGCATTCAATGTTGC,B cell,1,HBM984.GRBB.858
AGCCAGCTCCACCTCA,plasmablast,0.442736562,HBM984.GRBB.858
AAGCAGTGGTATCAAC,B cell,0.589099533,HBM984.GRBB.858
CTCAGTCTCGATTTCT,hematopoietic stem cell,0.536018396,HBM984.GRBB.858
ACGCACGGTGTTTACG,CD141-positive myeloid dendritic cell,0.8410346,HBM336.FWTN.636
CATCGGGAGTCCCAGC,plasma cell,1,HBM336.FWTN.636
AAAGAACAGCTACAAA,CD14-positive monocyte,0.503802174,HBM336.FWTN.636
TTCTTGATCTAACACG,B cell,1,HBM336.FWTN.636
AGGGAGTCAGCCCACA,B cell,0.501192122,HBM336.FWTN.636
ATGGTTGTCACTGGGC,plasma cell,1,HBM336.FWTN.636
AACTTCTGTCTACGAT,plasma cell,0.99736199,HBM336.FWTN.636
CTGCATCTCTTCGCTG,plasma cell,1,HBM336.FWTN.636