sample	all_exon_count	all_intron_count	all_read_count	intergenic_rate	embryo_id	embryo_sex	nuclei_extraction_date	development_stage	Total_mRNAs	num_genes_expressed	Size_Factor	Main_Cluster	Sub_cluster	doublet_score	detected_doublet	doublet_cluster	sub_cluster_id	Main_cell_type	Main_trajectory	Main_trajectory_refined_by_cluster	Sub_trajectory_name	Sub_trajectory_louvain_component	Sub_trajectory_Pseudotime
sci3-me-001.GTCGGAGTTTGAGGTAGAA	105	232	430	0.21627906976744185	38	F	3	13.5	335	264	0.49397347525632923	5	NA	0.013367281985996179	FALSE	NA	NA	Excitatory neurons	NA	NA	NA	NA	NA
sci3-me-001.ATTAGTCTGTGTATAATACG	1612	382	2442	0.18345618345618345	9	M	2	11.5	1989	874	2.9328753501039966	20	1	0.004159838648682718	FALSE	FALSE	20-1	Endothelial cells	Endothelial trajectory	Endothelial trajectory	Venous and capillary endothelial trajectory	1	0.06836241334785687
sci3-me-001.GAGGAACTTAATACCATCC	120	273	463	0.1511879049676026	26	F	3	10.5	393	330	0.5794972411216042	21	NA	0.0025237351279894242	FALSE	NA	NA	Chondroctye progenitors	NA	NA	NA	NA	NA
sci3-me-001.TTCGCGGATACTCTCTCAA	80	147	275	0.17454545454545456	16	F	2	13.5	227	206	0.334722325024438	17	NA	0.00693783158753911	FALSE	NA	NA	Osteoblasts	NA	NA	NA	NA	NA
sci3-me-001.ACTGGTTATTTGCGCCATCT	90	151	299	0.1939799331103679	33	M	3	12.5	241	211	0.35536599264709057	6	NA	0.0029182879377431907	FALSE	NA	NA	Epithelial cells	NA	NA	NA	NA	NA
sci3-me-001.TGGTCGAATGATCGCTTCT	105	357	520	0.11153846153846154	43	M	4	10.5	462	379	0.6812410315475346	25	1	0.0010334137099552187	FALSE	FALSE	25-1	Limb mesenchyme	Mesenchymal trajectory	Mesenchymal trajectory	Limb mesenchyme trajectory	1	1.6791296267648006
sci3-me-001.TTGGCGACTGCTCAGCCGG	103	180	348	0.1867816091954023	61	M	5	11.5	283	245	0.41729699551504823	23	NA	0.0010334137099552187	FALSE	NA	NA	Schwann cell precursor	NA	NA	NA	NA	NA
sci3-me-001.ATAAGCGAATTAGATCTACT	93	285	446	0.15246636771300448	42	F	4	9.5	378	322	0.5573790258116192	8	NA	0.0017615971814445095	FALSE	NA	NA	Early mesenchyme	NA	NA	NA	NA	NA
sci3-me-001.GTCGGAGTTTAGACTTCTT	293	1356	1927	0.1442656979761287	29	M	3	11.5	1649	1091	2.4315291364110054	2	12	0.059357768407395387	FALSE	FALSE	2-12	Chondrocytes & osteoblasts	Mesenchymal trajectory	Mesenchymal trajectory	Connective tissue trajectory	1	0.4133091338865358
